feature,n_nonnull,median_abs_corr,max_abs_corr
event_flag,120,0.3059586652153208,0.6342842892579944
event_flag_lag1,120,0.2116954222859348,0.5155520414576363
holiday_count,120,0.10271462615799523,0.38243211906148794
holiday_count_lag1,120,0.11305718169678237,0.3766517449728318
rainfall_lag1,15,0.16115715594262017,0.40174639371407117
